{
  "STEM": {
    "dims": [
      "编程能力",
      "AI工具使用",
      "系统架构",
      "沟通协作",
      "AI伦理安全"
    ],
    "G2025": [
      0.75,
      0.9,
      0.82,
      0.75,
      0.6
    ],
    "Target": [
      0.6564500880489117,
      1.0928465795250744,
      0.8257216665780348,
      0.7324751398294164,
      0.9085172417005039
    ],
    "Lambda_diag_avg_growth": [
      -0.0317307692,
      0.0960784314,
      0.0227804165,
      0.0136060718,
      0.225
    ],
    "E": [
      [
        1.5396163952892425,
        -0.0064240064005850386,
        0.10800976645652939,
        -0.9928664945476131,
        0.4439583034471332
      ],
      [
        5.721022750335393,
        -0.14742679126787459,
        0.5920517401925055,
        -1.91775460764784,
        0.3159314528933348
      ],
      [
        0.4019717795105569,
        0.19538817953316512,
        0.8067705842194434,
        0.49230488755018836,
        0.5519178300541377
      ],
      [
        0.15560940357682962,
        0.2987783063354944,
        0.7008143987210456,
        0.9034758965660906,
        0.10577263341577232
      ],
      [
        -5.116328119855949,
        1.015597014390794,
        1.6553695076037087,
        0.8225936809832338,
        1.4702749850266077
      ]
    ]
  },
  "Trade": {
    "dims": [
      "传统烹饪技能",
      "现代厨房科技",
      "AI辅助菜单",
      "营养与健康",
      "多感官体验"
    ],
    "G2025": [
      0.74,
      0.86,
      0.72,
      0.79,
      0.67
    ],
    "Target": [
      0.7281092028246133,
      0.9059425178053275,
      0.7884225213334616,
      0.7724940934536976,
      0.7051916277480191
    ],
    "Lambda_diag_avg_growth": [
      -0.0258974359,
      0.1164994426,
      0.1447552448,
      0.0264102564,
      0.075729443
    ],
    "E": [
      [
        0.5855084954499442,
        0.07204047420323068,
        -8.172569235461992e-06,
        -0.041612559182696775,
        0.8816853316536661
      ],
      [
        0.8839466888646467,
        0.14325836459518332,
        0.10000490022115413,
        -0.06683919988320476,
        0.8727142406707741
      ],
      [
        0.31744524816854536,
        1.0946076445977875,
        0.1999990247105971,
        0.46676611570854964,
        0.40145774198848794
      ],
      [
        0.10339285666585371,
        0.28133872529114784,
        0.8499990377782458,
        0.395164682057298,
        0.3276907379190054
      ],
      [
        0.16046714990468558,
        0.49019796577265695,
        0.3000018265675269,
        1.0487077914410332,
        0.6588656736869622
      ]
    ]
  },
  "Arts": {
    "dims": [
      "传统表演技巧",
      "AI协作能力",
      "艺术批判思维",
      "即兴创造能力",
      "表演技术素养"
    ],
    "G2025": [
      0.67,
      0.78,
      0.95,
      0.87,
      0.88
    ],
    "Target": [
      0.7214450784579544,
      0.8767587139986586,
      0.8978274844649393,
      0.9450662763356656,
      0.8759575141420475
    ],
    "Lambda_diag_avg_growth": [
      -0.0547619048,
      0.1935064935,
      0.0274154589,
      0.0429878049,
      0.2116666667
    ],
    "E": [
      [
        0.0907016780834951,
        0.06547029772107388,
        0.2439983968782449,
        0.8500074838288412,
        0.14999998666966505
      ],
      [
        0.8642477125607865,
        0.7403909051139281,
        0.8549867156901535,
        0.0500000694773922,
        0.1999996424938229
      ],
      [
        0.1952770949544727,
        0.6090107038220082,
        0.4220315291041937,
        0.500000005289228,
        0.9500074698214882
      ],
      [
        0.3093888676265913,
        0.6868277376347457,
        0.6186168437807976,
        0.3999999958526774,
        0.2500075676890847
      ],
      [
        0.8888443713450304,
        0.9199637417710711,
        1.1038303274126822,
        0.04999995139653552,
        0.35000043005342163
      ]
    ]
  }
}