{
  "sensitivity_matrix": [
    [
      53.704163351505585,
      735.5965435956902,
      14.87608528784438
    ],
    [
      36.93734717281411,
      462.37173433917354,
      6.911843156245534
    ],
    [
      2.2742260728501,
      363.4498201379627,
      0.3907855614472791
    ]
  ],
  "budget_data": {
    "STEM": 2.0,
    "Trade": 2.0,
    "Arts": 1.0
  },
  "categories": [
    "STEM",
    "Trade",
    "Arts"
  ],
  "parameters": [
    "lambda",
    "target",
    "E"
  ]
}