{
  "STEM_DataScience": {
    "metadata": {
      "skill_dimensions": 9,
      "intervention_projects": 7,
      "dims": [
        "编程能力",
        "AI工具使用",
        "系统架构",
        "沟通协作",
        "领导力",
        "团队管理",
        "AI伦理安全",
        "环境意识",
        "全球视野"
      ]
    },
    "current_state": {
      "G2025": [
        0.75,
        0.9,
        0.82,
        0.75,
        0.6,
        0.5,
        0.52,
        0.43,
        0.71
      ],
      "Target": [
        0.6,
        0.97,
        0.85,
        0.76,
        0.7,
        0.7,
        0.75,
        0.7,
        0.82
      ],
      "Lambda_diag": [
        -0.0317,
        0.0961,
        0.0228,
        0.0136,
        0.025,
        0.03,
        0.225,
        0.15,
        0.18
      ]
    },
    "weight_schemes": {
      "comprehensive": {
        "optimal_allocation": [
          0.09786869032374587,
          0.05,
          0.050000000000000024,
          0.050000000000001474,
          0.050000000000000155,
          0.6521313096762525,
          0.050000000000000114
        ],
        "predicted_G2026": [
          0.7380013064716765,
          0.9430708654382689,
          0.8322379830072346,
          0.7583965452565665,
          0.6142473258392767,
          0.515791791007132,
          0.577512161005746,
          0.47362341031564115,
          0.7865333104548626
        ],
        "metrics": {
          "MSE": 0.04505616846561238,
          "RMSE": 0.21226438341279108,
          "MAE": 0.09850976823854976,
          "total_allocation": 1.0000000000000002,
          "improvements": [
            -0.0119986935283235,
            0.04307086543826888,
            0.012237983007234665,
            0.008396545256566523,
            0.014247325839276681,
            0.015791791007132017,
            0.057512161005745965,
            0.04362341031564115,
            0.07653331045486267
          ],
          "remaining_gaps": [
            -0.13800130647167652,
            0.026929134561731072,
            0.01776201699276536,
            0.0016034547434334856,
            0.0857526741607233,
            0.18420820899286794,
            0.17248783899425402,
            0.2263765896843588,
            0.03346668954513732
          ]
        }
      },
      "social": {
        "optimal_allocation": [
          0.05000000000000001,
          0.46069219874546735,
          0.050000000000000024,
          0.05,
          0.07584100348799755,
          0.252476195621846,
          0.06099060214468914
        ],
        "predicted_G2026": [
          0.7434684233345077,
          0.923780837566133,
          0.8267354578408486,
          0.7542912616639402,
          0.6072279521480616,
          0.5080243236821483,
          0.5970265846590384,
          0.4722219200627653,
          0.7626092688949365
        ],
        "metrics": {
          "MSE": 0.05867403111363582,
          "RMSE": 0.2422272303306047,
          "MAE": 0.10461675742407062,
          "total_allocation": 1.0,
          "improvements": [
            -0.006531576665492311,
            0.02378083756613303,
            0.006735457840848613,
            0.004291261663940227,
            0.0072279521480616005,
            0.008024323682148338,
            0.07702658465903833,
            0.04222192006276532,
            0.052609268894936556
          ],
          "remaining_gaps": [
            -0.1434684233345077,
            0.04621916243386692,
            0.023264542159151413,
            0.005708738336059782,
            0.09277204785193838,
            0.19197567631785162,
            0.15297341534096165,
            0.22777807993723465,
            0.05739073110506343
          ]
        }
      },
      "technical": {
        "optimal_allocation": [
          0.6227477182294118,
          0.050000000000000024,
          0.05,
          0.05,
          0.05000000000000001,
          0.12725228177058817,
          0.05
        ],
        "predicted_G2026": [
          0.732923463814537,
          0.9660307089078981,
          0.831701650654225,
          0.7559351212788109,
          0.6097226494095788,
          0.5103621792914946,
          0.5840291856499757,
          0.4700949079932093,
          0.7662378094140311
        ],
        "metrics": {
          "MSE": 0.036295951654800665,
          "RMSE": 0.19051496438547988,
          "MAE": 0.09875658346836814,
          "total_allocation": 1.0000000000000002,
          "improvements": [
            -0.01707653618546301,
            0.06603070890789808,
            0.011701650654225015,
            0.0059351212788109065,
            0.009722649409578787,
            0.010362179291494633,
            0.06402918564997573,
            0.040094907993209306,
            0.056237809414031115
          ],
          "remaining_gaps": [
            -0.132923463814537,
            0.003969291092101868,
            0.01829834934577501,
            0.004064878721189102,
            0.09027735059042119,
            0.18963782070850532,
            0.16597081435002425,
            0.22990509200679066,
            0.05376219058596887
          ]
        }
      }
    }
  },
  "Trade_Culinary": {
    "metadata": {
      "skill_dimensions": 9,
      "intervention_projects": 7,
      "dims": [
        "传统烹饪技能",
        "现代厨房科技",
        "AI辅助菜单",
        "营养与健康",
        "多感官体验",
        "团队协作",
        "食品安全",
        "可持续发展",
        "文化理解"
      ]
    },
    "current_state": {
      "G2025": [
        0.74,
        0.86,
        0.72,
        0.79,
        0.67,
        0.68,
        0.8,
        0.7,
        0.75
      ],
      "Target": [
        0.72,
        0.9,
        0.8,
        0.77,
        0.72,
        0.75,
        0.85,
        0.9,
        0.75
      ],
      "Lambda_diag": [
        -0.0259,
        0.1165,
        0.1448,
        -0.0264,
        0.0757,
        0.05,
        0.12,
        0.18,
        0.15
      ]
    },
    "weight_schemes": {
      "comprehensive": {
        "optimal_allocation": [
          0.1711764973026477,
          0.05000000000000001,
          0.21460584178054756,
          0.34023383183556377,
          0.123983829081241,
          0.05,
          0.05000000000000001
        ],
        "predicted_G2026": [
          0.7320352396386899,
          0.9058472113459278,
          0.7758550387373936,
          0.7770875756897077,
          0.7152117878505342,
          0.7048588797924522,
          0.8503523610179153,
          0.7811898599823626,
          0.8130509599326748
        ],
        "metrics": {
          "MSE": 0.006365489966043135,
          "RMSE": 0.0797840207437751,
          "MAE": 0.03125086458468589,
          "total_allocation": 1.0000000000000002,
          "improvements": [
            -0.007964760361310108,
            0.04584721134592784,
            0.055855038737393614,
            -0.01291242431029238,
            0.045211787850534146,
            0.02485887979245216,
            0.05035236101791529,
            0.08118985998236261,
            0.06305095993267484
          ],
          "remaining_gaps": [
            -0.01203523963868991,
            -0.005847211345927805,
            0.024144961262606457,
            -0.007087575689707637,
            0.004788212149465787,
            0.04514112020754779,
            -0.0003523610179153591,
            0.11881014001763746,
            -0.06305095993267484
          ]
        }
      },
      "social": {
        "optimal_allocation": [
          0.1609303596048377,
          0.05,
          0.46825210350590085,
          0.05000000000000003,
          0.05,
          0.05000000000000003,
          0.1708175368892612
        ],
        "predicted_G2026": [
          0.7356410932560885,
          0.8916580931252291,
          0.7595294546218284,
          0.7763334785643184,
          0.6953321155787944,
          0.6945730260181496,
          0.8576878496824196,
          0.7826686030299523,
          0.8003277733149484
        ],