{
  "STEM": {
    "input": {
      "G2025": [
        0.75,
        0.9,
        0.82,
        0.75,
        0.6
      ],
      "Target": [
        0.72,
        0.94,
        0.86,
        0.78,
        0.68
      ],
      "Lambda_diag": [
        -0.0317307692,
        0.0960784314,
        0.0227804165,
        0.0136060718,
        0.225
      ]
    },
    "optimal_solution": {
      "x_star": [
        0.24912443595368386,
        0.15188673195273697,
        0.24969022565388976,
        0.19956925620211025,
        0.14972935023757916
      ],
      "G2026": [
        0.7435067587417998,
        0.9299112831139741,
        0.827846717691521,
        0.754945500326645,
        0.6593625149289049
      ],
      "decision_dims": [
        "编程能力",
        "AI工具使用",
        "系统架构",
        "沟通协作",
        "AI伦理安全"
      ]
    },
    "metrics": {
      "objective_value": 0.0027418172221021432,
      "rmse": 0.05236236455797373,
      "mae": 0.022288148536151,
      "total_allocation": 1.0,
      "feasible": true
    },
    "detailed_analysis": {
      "improvements": [
        -0.006493241258200166,
        0.029911283113974063,
        0.00784671769152101,
        0.00494550032664498,
        0.059362514928904875
      ],
      "remaining_gaps": [
        -0.02350675874179986,
        0.010088716886025861,
        0.032153282308479025,
        0.025054499673355046,
        0.020637485071095196
      ]
    }
  },
  "Trade": {
    "input": {
      "G2025": [
        0.74,
        0.86,
        0.72,
        0.79,
        0.67
      ],
      "Target": [
        0.78,
        0.9,
        0.76,
        0.82,
        0.74
      ],
      "Lambda_diag": [
        -0.0258974359,
        0.1164994426,
        0.1447552448,
        0.0264102564,
        0.075729443
      ]
    },
    "optimal_solution": {
      "x_star": [
        0.1499440732560765,
        0.049071614967729535,
        0.25016283620156216,
        0.25117700463723214,
        0.2996444709373996
      ],
      "G2026": [
        0.7315067700691985,
        0.8939104844870387,
        0.7546994487375586,
        0.8019339791565361,
        0.7042465149193587
      ],
      "decision_dims": [
        "传统烹饪技能",
        "现代厨房科技",
        "AI辅助菜单",
        "营养与健康",
        "多感官体验"
      ]
    },
    "metrics": {
      "objective_value": 0.004021464196518058,
      "rmse": 0.06341501554457002,
      "mae": 0.02274056052606188,
      "total_allocation": 1.0,
      "feasible": true
    },
    "detailed_analysis": {
      "improvements": [
        -0.008493229930801482,
        0.033910484487038706,
        0.03469944873755859,
        0.011933979156536045,
        0.034246514919358706
      ],
      "remaining_gaps": [
        0.04849322993080152,
        0.00608951551296133,
        0.005300551262441444,
        0.01806602084346387,
        0.035753485080641245
      ]
    }
  },
  "Arts": {
    "input": {
      "G2025": [
        0.67,
        0.78,
        0.95,
        0.87,
        0.88
      ],
      "Target": [
        0.71,
        0.84,
        0.96,
        0.92,
        0.9
      ],
      "Lambda_diag": [
        -0.0547619048,
        0.1935064935,
        0.0274154589,
        0.0429878049,
        0.2116666667
      ]
    },
    "optimal_solution": {
      "x_star": [
        0.03647034373376596,
        0.105926078933641,
        0.11050284187131056,
        0.13733654575524631,
        0.06888140478289052
      ],
      "G2026": [
        0.6582075133877066,
        0.8122885407997747,
        0.9558792954678782,
        0.8803095554341853,
        0.9185824180868873
      ],
      "decision_dims": [
        "传统表演技巧",
        "AI协作能力",
        "艺术批判思维",
        "即兴创造能力",
        "表演技术素养"
      ]
    },
    "metrics": {
      "objective_value": 0.005388004498119276,
      "rmse": 0.07340302785389222,
      "mae": 0.028379502599468486,
      "total_allocation": 0.4591172150768543,
      "feasible": true
    },
    "detailed_analysis": {
      "improvements": [
        -0.011792486612293485,
        0.03228854079977472,
        0.005879295467878243,
        0.010309555434185325,
        0.03858241808688734
      ],
      "remaining_gaps": [
        0.05179248661229341,
        0.02771145920022522,
        0.004120704532121766,
        0.03969044456581472,
        -0.01858241808688732
      ]
    }
  }
}