title,type,theta,Ac,k,train_error
Specialty Trade Contractors,Trade,0.9984236707203327,0.10888683760802631,9.897638267248514,0.04847453633330619
